{
    "hiragana": {
        "description": {
            "russian": "Символы хираганы с транскрипцией и японским описанием.",
            "english": "Hiragana symbols with romanization and Japanese explanations.",
            "korean": "히라가나 기호와 로마자 발음 및 일본어 설명과 함께.",
            "spanish": "Símbolos de hiragana con romanización y explicaciones en japonés."
        },
        "words": [
            {
                "word": "a",
                "descriptions": {
                    "japanese": "あ"
                },
                "quiz_type": "translate"
            },
            {
                "word": "i",
                "descriptions": {
                    "japanese": "い"
                },
                "quiz_type": "translate"
            },
            {
                "word": "u",
                "descriptions": {
                    "japanese": "う"
                },
                "quiz_type": "translate"
            },
            {
                "word": "e",
                "descriptions": {
                    "japanese": "え"
                },
                "quiz_type": "translate"
            },
            {
                "word": "o",
                "descriptions": {
                    "japanese": "お"
                },
                "quiz_type": "translate"
            },
            {
                "word": "ka",
                "descriptions": {
                    "japanese": "か"
                },
                "quiz_type": "translate"
            },
            {
                "word": "ki",
                "descriptions": {
                    "japanese": "き"
                },
                "quiz_type": "translate"
            },
            {
                "word": "ku",
                "descriptions": {
                    "japanese": "く"
                },
                "quiz_type": "translate"
            },
            {
                "word": "ke",
                "descriptions": {
                    "japanese": "け"
                },
                "quiz_type": "translate"
            },
            {
                "word": "ko",
                "descriptions": {
                    "japanese": "こ"
                },
                "quiz_type": "translate"
            },
            {
                "word": "sa",
                "descriptions": {
                    "japanese": "さ"
                },
                "quiz_type": "translate"
            },
            {
                "word": "shi",
                "descriptions": {
                    "japanese": "し"
                },
                "quiz_type": "translate"
            },
            {
                "word": "su",
                "descriptions": {
                    "japanese": "す"
                },
                "quiz_type": "translate"
            },
            {
                "word": "se",
                "descriptions": {
                    "japanese": "せ"
                },
                "quiz_type": "translate"
            },
            {
                "word": "so",
                "descriptions": {
                    "japanese": "そ"
                },
                "quiz_type": "translate"
            },
            {
                "word": "ta",
                "descriptions": {
                    "japanese": "た"
                },
                "quiz_type": "translate"
            },
            {
                "word": "chi",
                "descriptions": {
                    "japanese": "ち"
                },
                "quiz_type": "translate"
            },
            {
                "word": "tsu",
                "descriptions": {
                    "japanese": "つ"
                },
                "quiz_type": "translate"
            },
            {
                "word": "te",
                "descriptions": {
                    "japanese": "て"
                },
                "quiz_type": "translate"
            },
            {
                "word": "to",
                "descriptions": {
                    "japanese": "と"
                },
                "quiz_type": "translate"
            },
            {
                "word": "na",
                "descriptions": {
                    "japanese": "な"
                },
                "quiz_type": "translate"
            },
            {
                "word": "ni",
                "descriptions": {
                    "japanese": "に"
                },
                "quiz_type": "translate"
            },
            {
                "word": "nu",
                "descriptions": {
                    "japanese": "ぬ"
                },
                "quiz_type": "translate"
            },
            {
                "word": "ne",
                "descriptions": {
                    "japanese": "ね"
                },
                "quiz_type": "translate"
            },
            {
                "word": "no",
                "descriptions": {
                    "japanese": "の"
                },
                "quiz_type": "translate"
            },
            {
                "word": "ha",
                "descriptions": {
                    "japanese": "は"
                },
                "quiz_type": "translate"
            },
            {
                "word": "hi",
                "descriptions": {
                    "japanese": "ひ"
                },
                "quiz_type": "translate"
            },
            {
                "word": "fu",
                "descriptions": {
                    "japanese": "ふ"
                },
                "quiz_type": "translate"
            },
            {
                "word": "he",
                "descriptions": {
                    "japanese": "へ"
                },
                "quiz_type": "translate"
            },
            {
                "word": "ho",
                "descriptions": {
                    "japanese": "ほ"
                },
                "quiz_type": "translate"
            },
            {
                "word": "ma",
                "descriptions": {
                    "japanese": "ま"
                },
                "quiz_type": "translate"
            },
            {
                "word": "mi",
                "descriptions": {
                    "japanese": "み"
                },
                "quiz_type": "translate"
            },
            {
                "word": "mu",
                "descriptions": {
                    "japanese": "む"
                },
                "quiz_type": "translate"
            },
            {
                "word": "me",
                "descriptions": {
                    "japanese": "め"
                },
                "quiz_type": "translate"
            },
            {
                "word": "mo",
                "descriptions": {
                    "japanese": "も"
                },
                "quiz_type": "translate"
            },
            {
                "word": "ya",
                "descriptions": {
                    "japanese": "や"
                },
                "quiz_type": "translate"
            },
            {
                "word": "yu",
                "descriptions": {
                    "japanese": "ゆ"
                },
                "quiz_type": "translate"
            },
            {
                "word": "yo",
                "descriptions": {
                    "japanese": "よ"
                },
                "quiz_type": "translate"
            },
            {
                "word": "ra",
                "descriptions": {
                    "japanese": "ら"
                },
                "quiz_type": "translate"
            },
            {
                "word": "ri",
                "descriptions": {
                    "japanese": "り"
                },
                "quiz_type": "translate"
            },
            {
                "word": "ru",
                "descriptions": {
                    "japanese": "る"
                },
                "quiz_type": "translate"
            },
            {
                "word": "re",
                "descriptions": {
                    "japanese": "れ"
                },
                "quiz_type": "translate"
            },
            {
                "word": "ro",
                "descriptions": {
                    "japanese": "ろ"
                },
                "quiz_type": "translate"
            },
            {
                "word": "wa",
                "descriptions": {
                    "japanese": "わ"
                },
                "quiz_type": "translate"
            },
            {
                "word": "wo",
                "descriptions": {
                    "japanese": "を"
                },
                "quiz_type": "translate"
            },
            {
                "word": "n",
                "descriptions": {
                    "japanese": "ん"
                },
                "quiz_type": "translate"
            }
        ]
    }
}
